source_file,date,duration,map,mode,result,game_id,team_id,team_total_kills,team_total_deaths,team_total_assists,team_total_gold,team_kda,summoner_name,level,champion,champion_korean,kills,deaths,assists,cs,gold,kda_ratio
화면 캡처 2026-03-29 040619.jpg,2026/03/27,29:33,칼바람 나락,사용자 설정,LOSE,,1,28,48,57,72356,28/48/57,행복한욕조견,18,Rengar,렝가,10,14,7,105,18930,1.21
화면 캡처 2026-03-29 040619.jpg,2026/03/27,29:33,칼바람 나락,사용자 설정,LOSE,,1,28,48,57,72356,28/48/57,인왕산와일드보어,18,Braum,브라움,4,10,17,41,16623,2.10
화면 캡처 2026-03-29 040619.jpg,2026/03/27,29:33,칼바람 나락,사용자 설정,LOSE,,1,28,48,57,72356,28/48/57,Gomjkhan,18,Nidalee,니달리,10,11,12,120,19517,2.00
화면 캡처 2026-03-29 040619.jpg,2026/03/27,29:33,칼바람 나락,사용자 설정,LOSE,,1,28,48,57,72356,28/48/57,RabiEddin,18,JarvanIV,자르반 4세,4,13,21,89,17286,1.92
화면 캡처 2026-03-29 040619.jpg,2026/03/27,29:33,칼바람 나락,사용자 설정,LOSE,,2,48,28,76,62005,48/28/76,TwelveOClock,18,Ahri,아리,17,10,23,161,20825,4.00
화면 캡처 2026-03-29 040619.jpg,2026/03/27,29:33,칼바람 나락,사용자 설정,LOSE,,2,48,28,76,62005,48/28/76,감귤 아저씨,18,Gangplank,갱플랭크,26,9,14,144,22536,4.44
화면 캡처 2026-03-29 040619.jpg,2026/03/27,29:33,칼바람 나락,사용자 설정,LOSE,,2,48,28,76,62005,48/28/76,기장앞바다벨코즈,18,Zyra,자이라,5,9,39,79,18644,4.89
화면 캡처 2026-03-29 040637.jpg,2026/03/27,5:57,도살자의 다리,사용자 설정,LOSE,,1,8,9,10,13928,8/9/10,행복한욕조견,8,Nocturne,녹턴,2,4,5,4,4336,1.75
화면 캡처 2026-03-29 040637.jpg,2026/03/27,5:57,도살자의 다리,사용자 설정,LOSE,,1,8,9,10,13928,8/9/10,감귤 아저씨,9,Shyvana,쉬바나,4,2,2,10,5028,3.00
화면 캡처 2026-03-29 040637.jpg,2026/03/27,5:57,도살자의 다리,사용자 설정,LOSE,,1,8,9,10,13928,8/9/10,RabiEddin,9,Camille,카밀,2,3,3,16,4564,1.67
화면 캡처 2026-03-29 040637.jpg,2026/03/27,5:57,도살자의 다리,사용자 설정,LOSE,,2,9,8,25,18903,9/8/25,기장앞바다벨코즈,8,Leblanc,르블랑,1,2,7,2,4091,4.00
화면 캡처 2026-03-29 040637.jpg,2026/03/27,5:57,도살자의 다리,사용자 설정,LOSE,,2,9,8,25,18903,9/8/25,TwelveOClock,8,Draven,드레이븐,3,2,5,26,5484,4.00
화면 캡처 2026-03-29 040637.jpg,2026/03/27,5:57,도살자의 다리,사용자 설정,LOSE,,2,9,8,25,18903,9/8/25,인왕산와일드보어,8,Shen,쉔,3,2,6,3,4584,4.50
화면 캡처 2026-03-29 040637.jpg,2026/03/27,5:57,도살자의 다리,사용자 설정,LOSE,,2,9,8,25,18903,9/8/25,Gomjkhan,8,Urgot,우르곳,2,2,7,20,4744,4.50
화면 캡처 2026-03-29 040646.jpg,2026/03/27,12:28,도살자의 다리,사용자 설정,LOSE,,1,20,23,28,27369,20/23/28,행복한욕조견,14,Zaahen,자헨,5,8,9,35,8427,1.75
화면 캡처 2026-03-29 040646.jpg,2026/03/27,12:28,도살자의 다리,사용자 설정,LOSE,,1,20,23,28,27369,20/23/28,감귤 아저씨,14,MasterYi,마스터 이,7,7,10,31,9252,2.43
화면 캡처 2026-03-29 040646.jpg,2026/03/27,12:28,도살자의 다리,사용자 설정,LOSE,,1,20,23,28,27369,20/23/28,Gomjkhan,14,Kennen,케넨,8,8,9,34,9690,2.12
화면 캡처 2026-03-29 040646.jpg,2026/03/27,12:28,도살자의 다리,사용자 설정,LOSE,,2,23,20,60,35690,23/20/60,RabiEddin,13,Varus,바루스,4,5,15,40,8595,3.80
화면 캡처 2026-03-29 040646.jpg,2026/03/27,12:28,도살자의 다리,사용자 설정,LOSE,,2,23,20,60,35690,23/20/60,기장앞바다벨코즈,14,Karma,카르마,2,5,18,18,7993,4.00
화면 캡처 2026-03-29 040646.jpg,2026/03/27,12:28,도살자의 다리,사용자 설정,LOSE,,2,23,20,60,35690,23/20/60,TwelveOClock,14,Ekko,에코,14,4,8,49,10697,5.50
화면 캡처 2026-03-29 040646.jpg,2026/03/27,12:28,도살자의 다리,사용자 설정,LOSE,,2,23,20,60,35690,23/20/60,인왕산와일드보어,14,Nautilus,노틸러스,3,6,19,18,8405,3.67
화면 캡처 2026-03-29 040656.jpg,2026/03/27,12:58,도심자의 다리,사용자 설정,LOSE,,1,24,21,40,28794,24/21/40,행복한욕조견,14,Fizz,피즈,6,8,11,24,9214,2.12
화면 캡처 2026-03-29 040656.jpg,2026/03/27,12:58,도심자의 다리,사용자 설정,LOSE,,1,24,21,40,28794,24/21/40,감귤 아저씨,15,Zeri,제리,11,5,13,62,10520,4.80
화면 캡처 2026-03-29 040656.jpg,2026/03/27,12:58,도심자의 다리,사용자 설정,LOSE,,1,24,21,40,28794,24/21/40,인왕산와일드보어,15,Thresh,쓰레쉬,7,8,16,11,9060,2.88
화면 캡처 2026-03-29 040656.jpg,2026/03/27,12:58,도심자의 다리,사용자 설정,LOSE,,2,21,24,43,37577,21/24/43,RabiEddin,14,Elise,엘리스,2,6,12,10,8091,2.33
화면 캡처 2026-03-29 040656.jpg,2026/03/27,12:58,도심자의 다리,사용자 설정,LOSE,,2,21,24,43,37577,21/24/43,Gomjkhan,14,Irelia,이렐리아,5,7,12,94,10592,2.43
화면 캡처 2026-03-29 040656.jpg,2026/03/27,12:58,도심자의 다리,사용자 설정,LOSE,,2,21,24,43,37577,21/24/43,기장앞바다벨코즈,15,Bard,바드,7,3,12,15,9902,6.33
화면 캡처 2026-03-29 040656.jpg,2026/03/27,12:58,도심자의 다리,사용자 설정,LOSE,,2,21,24,43,37577,21/24/43,TwelveOClock,13,LeeSin,리 신,7,8,7,14,8992,1.75
화면 캡처 2026-03-29 040705.jpg,2026/03/27,18:06,도살자의 다리,사용자 설정,WIN,,1,28,32,58,50042,28/32/58,행복한욕조견,18,Nasus,나서스,13,7,11,103,15138,3.43
화면 캡처 2026-03-29 040705.jpg,2026/03/27,18:06,도살자의 다리,사용자 설정,WIN,,1,28,32,58,50042,28/32/58,RabiEddin,17,Poppy,뽀삐,3,8,16,29,11429,2.38
화면 캡처 2026-03-29 040705.jpg,2026/03/27,18:06,도살자의 다리,사용자 설정,WIN,,1,28,32,58,50042,28/32/58,Gomjkhan,17,Volibear,볼리베어,8,8,15,41,12528,2.88
화면 캡처 2026-03-29 040705.jpg,2026/03/27,18:06,도살자의 다리,사용자 설정,WIN,,1,28,32,58,50042,28/32/58,인왕산와일드보어,17,Seraphine,세라핀,4,9,16,24,10947,2.22
화면 캡처 2026-03-29 040705.jpg,2026/03/27,18:06,도살자의 다리,사용자 설정,WIN,,2,32,28,53,39607,32/28/53,감귤 아저씨,18,Jax,잭스,18,9,13,46,14260,3.44
화면 캡처 2026-03-29 040705.jpg,2026/03/27,18:06,도살자의 다리,사용자 설정,WIN,,2,32,28,53,39607,32/28/53,기장앞바다벨코즈,18,Amumu,아무무,3,11,26,38,11425,2.64
화면 캡처 2026-03-29 040705.jpg,2026/03/27,18:06,도살자의 다리,사용자 설정,WIN,,2,32,28,53,39607,32/28/53,TwelveOClock,18,Taliyah,탈리야,11,8,14,101,13922,3.12
화면 캡처 2026-03-29 040713.jpg,2026/03/27,14:47,도살자의 다리,LoR,WIN,,1,23,26,37,41676,23/26/37,행복한욕조견,16,Sylas,사일러스,7,6,10,17,10512,2.83
화면 캡처 2026-03-29 040713.jpg,2026/03/27,14:47,도살자의 다리,LoR,WIN,,1,23,26,37,41676,23/26/37,RabiEddin,15,Darius,다리우스,5,7,7,34,10133,1.71
화면 캡처 2026-03-29 040713.jpg,2026/03/27,14:47,도살자의 다리,LoR,WIN,,1,23,26,37,41676,23/26/37,Gomjkhan,15,Zoe,조이,9,7,7,48,11225,2.29
화면 캡처 2026-03-29 040713.jpg,2026/03/27,14:47,도살자의 다리,LoR,WIN,,1,23,26,37,41676,23/26/37,인왕산와일드보어,15,Hwei,흐웨이,2,6,13,55,9806,2.50
화면 캡처 2026-03-29 040713.jpg,2026/03/27,14:47,도살자의 다리,LoR,WIN,,2,26,23,30,31782,26/23/30,감귤 아저씨,17,Diana,다이애나,11,9,11,31,10888,2.44
화면 캡처 2026-03-29 040713.jpg,2026/03/27,14:47,도살자의 다리,LoR,WIN,,2,26,23,30,31782,26/23/30,기장앞바다벨코즈,17,Orianna,오리아나,5,6,14,39,10013,3.17
화면 캡처 2026-03-29 040713.jpg,2026/03/27,14:47,도살자의 다리,LoR,WIN,,2,26,23,30,31782,26/23/30,TwelveOClock,16,Vayne,베인,10,8,5,49,10881,1.88
화면 캡처 2026-03-29 040721.jpg,2026/03/27,11:25,도살자의 다리,사용자 설정,WIN,,1,15,18,32,33049,15/18/32,행복한욕조견,13,Singed,신지드,2,6,11,52,8171,2.17
화면 캡처 2026-03-29 040721.jpg,2026/03/27,11:25,도살자의 다리,사용자 설정,WIN,,1,15,18,32,33049,15/18/32,RabiEddin,12,Heimerdinger,하이머딩거,0,4,12,49,8234,3.00
화면 캡처 2026-03-29 040721.jpg,2026/03/27,11:25,도살자의 다리,사용자 설정,WIN,,1,15,18,32,33049,15/18/32,기장앞바다벨코즈,12,Teemo,티모,1,4,8,16,6904,2.25
화면 캡처 2026-03-29 040721.jpg,2026/03/27,11:25,도살자의 다리,사용자 설정,WIN,,1,15,18,32,33049,15/18/32,Gomjkhan,13,Pyke,파이크,12,4,1,15,9740,3.25
화면 캡처 2026-03-29 040721.jpg,2026/03/27,11:25,도살자의 다리,사용자 설정,WIN,,2,17,15,27,24867,17/15/27,TwelveOClock,13,Kalista,칼리스타,8,7,4,45,8637,1.71
화면 캡처 2026-03-29 040721.jpg,2026/03/27,11:25,도살자의 다리,사용자 설정,WIN,,2,17,15,27,24867,17/15/27,감귤 아저씨,13,Swain,스웨인,7,3,10,56,9113,5.67
화면 캡처 2026-03-29 040721.jpg,2026/03/27,11:25,도살자의 다리,사용자 설정,WIN,,2,17,15,27,24867,17/15/27,인왕산와일드보어,13,Leona,레오나,2,5,13,8,7117,3.00
화면 캡처 2026-03-29 040747.jpg,2026/03/27,16:31,도살자의 다리,LoR,WIN,,1,25,26,50,46743,25/26/50,행복한욕조견,17,Malphite,말파이트,8,7,12,18,11568,2.86
화면 캡처 2026-03-29 040747.jpg,2026/03/27,16:31,도살자의 다리,LoR,WIN,,1,25,26,50,46743,25/26/50,RabiEddin,16,Jayce,제이스,9,7,12,24,12235,3.00
화면 캡처 2026-03-29 040747.jpg,2026/03/27,16:31,도살자의 다리,LoR,WIN,,1,25,26,50,46743,25/26/50,기장앞바다벨코즈,16,Malzahar,말자하,2,6,13,80,10776,2.50
화면 캡처 2026-03-29 040747.jpg,2026/03/27,16:31,도살자의 다리,LoR,WIN,,1,25,26,50,46743,25/26/50,Gomjkhan,17,MissFortune,미스 포츈,6,6,13,82,12164,3.17
화면 캡처 2026-03-29 040747.jpg,2026/03/27,16:31,도살자의 다리,LoR,WIN,,2,26,25,27,35407,26/25/27,TwelveOClock,18,Renekton,레넥톤,13,8,3,84,12935,2.00
화면 캡처 2026-03-29 040747.jpg,2026/03/27,16:31,도살자의 다리,LoR,WIN,,2,26,25,27,35407,26/25/27,감귤 아저씨,17,XinZhao,신 짜오,8,7,14,41,11929,3.14
화면 캡처 2026-03-29 040747.jpg,2026/03/27,16:31,도살자의 다리,LoR,WIN,,2,26,25,27,35407,26/25/27,인왕산와일드보어,16,Lux,럭스,5,10,10,48,10543,1.50
화면 캡처 2026-03-29 040756.jpg,2026/03/27,13:21,도심자의 다리,사용자 설정,LOSE,,1,18,20,23,28256,18/20/23,행복한욕조견,14,Yorick,요릭,4,8,8,39,8824,1.50
화면 캡처 2026-03-29 040756.jpg,2026/03/27,13:21,도심자의 다리,사용자 설정,LOSE,,1,18,20,23,28256,18/20/23,RabiEddin,15,Pantheon,판테온,8,8,6,26,10197,1.75
화면 캡처 2026-03-29 040756.jpg,2026/03/27,13:21,도심자의 다리,사용자 설정,LOSE,,1,18,20,23,28256,18/20/23,기장앞바다벨코즈,16,Anivia,애니비아,6,4,9,36,9235,3.75
화면 캡처 2026-03-29 040756.jpg,2026/03/27,13:21,도심자의 다리,사용자 설정,LOSE,,2,20,18,40,38918,20/18/40,Gomjkhan,14,Azir,아지르,7,5,10,51,10972,3.40
화면 캡처 2026-03-29 040756.jpg,2026/03/27,13:21,도심자의 다리,사용자 설정,LOSE,,2,20,18,40,38918,20/18/40,TwelveOClock,14,Ambessa,암베사,4,5,6,27,9116,2.00
화면 캡처 2026-03-29 040756.jpg,2026/03/27,13:21,도심자의 다리,사용자 설정,LOSE,,2,20,18,40,38918,20/18/40,감귤 아저씨,15,Ezreal,이즈리얼,8,3,11,44,10334,6.33
화면 캡처 2026-03-29 040756.jpg,2026/03/27,13:21,도심자의 다리,사용자 설정,LOSE,,2,20,18,40,38918,20/18/40,인왕산와일드보어,14,Morgana,모르가나,1,5,13,31,8496,2.80
화면 캡처 2026-03-29 040805.jpg,2026/03/27,18:24,도심자의 다리,사용자 설정,LOSE,,1,33,29,43,40257,33/29/43,행복한욕조견,18,Rumble,럼블,12,9,16,59,13588,3.11
화면 캡처 2026-03-29 040805.jpg,2026/03/27,18:24,도심자의 다리,사용자 설정,LOSE,,1,33,29,43,40257,33/29/43,RabiEddin,18,Quinn,퀸,11,11,11,72,13660,2.00
화면 캡처 2026-03-29 040805.jpg,2026/03/27,18:24,도심자의 다리,사용자 설정,LOSE,,1,33,29,43,40257,33/29/43,기장앞바다벨코즈,18,Zyra,자이라,10,9,16,66,13009,2.89
화면 캡처 2026-03-29 040805.jpg,2026/03/27,18:24,도심자의 다리,사용자 설정,LOSE,,2,29,34,55,50637,29/34/55,Gomjkhan,18,Caitlyn,케이틀린,10,8,13,90,14023,2.88
화면 캡처 2026-03-29 040805.jpg,2026/03/27,18:24,도심자의 다리,사용자 설정,LOSE,,2,29,34,55,50637,29/34/55,TwelveOClock,18,Mel,멜,9,8,10,97,13250,2.38
화면 캡처 2026-03-29 040805.jpg,2026/03/27,18:24,도심자의 다리,사용자 설정,LOSE,,2,29,34,55,50637,29/34/55,감귤 아저씨,18,Alistar,알리스타,6,6,18,7,11973,4.00
화면 캡처 2026-03-29 040805.jpg,2026/03/27,18:24,도심자의 다리,사용자 설정,LOSE,,2,29,34,55,50637,29/34/55,인왕산와일드보어,17,Fiddlesticks,피들스틱,4,12,14,35,11391,1.50
화면 캡처 2026-03-29 040822.jpg,2026/03/27,17:49,도살자의 다리,사용자 설정,WIN,,1,27,28,59,48492,27/28/59,행복한욕조견,17,Xerath,제라스,8,6,18,41,12472,4.33
화면 캡처 2026-03-29 040822.jpg,2026/03/27,17:49,도살자의 다리,사용자 설정,WIN,,1,27,28,59,48492,27/28/59,인왕산와일드보어,17,Mordekaiser,모데카이저,4,9,13,51,11285,1.89
화면 캡처 2026-03-29 040822.jpg,2026/03/27,17:49,도살자의 다리,사용자 설정,WIN,,1,27,28,59,48492,27/28/59,RabiEddin,17,Blitzcrank,블리츠크랭크,4,7,14,7,10684,2.57
화면 캡처 2026-03-29 040822.jpg,2026/03/27,17:49,도살자의 다리,사용자 설정,WIN,,1,27,28,59,48492,27/28/59,기장앞바다벨코즈,17,Xayah,자야,11,6,14,99,14051,4.17
화면 캡처 2026-03-29 040822.jpg,2026/03/27,17:49,도살자의 다리,사용자 설정,WIN,,2,28,28,36,37291,28/28/36,Gomjkhan,18,Galio,갈리오,5,11,18,46,11362,2.09
화면 캡처 2026-03-29 040822.jpg,2026/03/27,17:49,도살자의 다리,사용자 설정,WIN,,2,28,28,36,37291,28/28/36,TwelveOClock,18,Aurora,오로라,12,8,8,67,12530,2.50
화면 캡처 2026-03-29 040822.jpg,2026/03/27,17:49,도살자의 다리,사용자 설정,WIN,,2,28,28,36,37291,28/28/36,감귤 아저씨,18,Olaf,올라프,11,9,10,67,13399,2.33
화면 캡처 2026-03-29 040830.jpg,2026/03/27,12:45,도살자의 다리,사용자 설정,WIN,,1,15,14,37,36191,15/14/37,행복한욕조견,14,Lissandra,리산드라,6,5,8,34,9382,2.80
화면 캡처 2026-03-29 040830.jpg,2026/03/27,12:45,도살자의 다리,사용자 설정,WIN,,1,15,14,37,36191,15/14/37,인왕산와일드보어,14,Sejuani,세주아니,3,4,10,48,9308,3.25
화면 캡처 2026-03-29 040830.jpg,2026/03/27,12:45,도살자의 다리,사용자 설정,WIN,,1,15,14,37,36191,15/14/37,RabiEddin,14,Garen,가렌,5,1,7,11,8826,12.00
화면 캡처 2026-03-29 040830.jpg,2026/03/27,12:45,도살자의 다리,사용자 설정,WIN,,1,15,14,37,36191,15/14/37,기장앞바다벨코즈,14,Corki,코르키,1,4,12,40,8675,3.25
화면 캡처 2026-03-29 040830.jpg,2026/03/27,12:45,도살자의 다리,사용자 설정,WIN,,2,14,15,16,25465,14/15/16,Gomjkhan,14,Kayle,케일,3,5,8,48,8400,2.20
화면 캡처 2026-03-29 040830.jpg,2026/03/27,12:45,도살자의 다리,사용자 설정,WIN,,2,14,15,16,25465,14/15/16,TwelveOClock,13,Aatrox,아트록스,4,6,5,29,8237,1.50
화면 캡처 2026-03-29 040830.jpg,2026/03/27,12:45,도살자의 다리,사용자 설정,WIN,,2,14,15,16,25465,14/15/16,감귤 아저씨,13,Yunara,유나라,7,4,3,24,8828,2.50
화면 캡처 2026-03-29 040928.jpg,2026/03/27,21:22,도심자의 다리,사용자 설정,LOSE,,1,20,43,40,52940,20/43/40,행복한욕조견,18,Akali,아칼리,8,11,8,32,14041,1.45
화면 캡처 2026-03-29 040928.jpg,2026/03/27,21:22,도심자의 다리,사용자 설정,LOSE,,1,20,43,40,52940,20/43/40,인왕산와일드보어,18,Maokai,마오카이,3,9,14,46,13313,1.89
화면 캡처 2026-03-29 040928.jpg,2026/03/27,21:22,도심자의 다리,사용자 설정,LOSE,,1,20,43,40,52940,20/43/40,RabiEddin,18,Ahri,아리,6,12,7,76,13289,1.08
화면 캡처 2026-03-29 040928.jpg,2026/03/27,21:22,도심자의 다리,사용자 설정,LOSE,,1,20,43,40,52940,20/43/40,기장앞바다벨코즈,18,Ashe,애쉬,3,11,11,50,12297,1.27
화면 캡처 2026-03-29 040928.jpg,2026/03/27,21:22,도심자의 다리,사용자 설정,LOSE,,2,43,21,52,48267,43/21/52,Gomjkhan,18,TahmKench,탐 켄치,8,7,20,57,14152,4.00
화면 캡처 2026-03-29 040928.jpg,2026/03/27,21:22,도심자의 다리,사용자 설정,LOSE,,2,43,21,52,48267,43/21/52,TwelveOClock,18,Neeko,니코,10,7,22,83,15252,4.57
화면 캡처 2026-03-29 040928.jpg,2026/03/27,21:22,도심자의 다리,사용자 설정,LOSE,,2,43,21,52,48267,43/21/52,감귤 아저씨,18,Gangplank,갱플랭크,25,7,10,108,18863,5.00
화면 캡처 2026-03-29 041003.jpg,2026/03/20,17:12,칼바람 나락,사용자 설정,WIN,,1,19,17,31,36323,19/17/31,행복한욕조견,18,Yorick,요릭,6,7,12,80,12336,2.57
화면 캡처 2026-03-29 041003.jpg,2026/03/20,17:12,칼바람 나락,사용자 설정,WIN,,1,19,17,31,36323,19/17/31,인왕산와일드보어,18,Lux,럭스,8,5,10,72,12586,3.60
화면 캡처 2026-03-29 041003.jpg,2026/03/20,17:12,칼바람 나락,사용자 설정,WIN,,1,19,17,31,36323,19/17/31,기장앞바다벨코즈,17,Kaisa,카이사,5,5,9,46,11401,2.80
화면 캡처 2026-03-29 041003.jpg,2026/03/20,17:12,칼바람 나락,사용자 설정,WIN,,2,17,19,22,33994,17/19/22,RabiEddin,17,Quinn,퀸,8,8,5,72,12060,1.62
화면 캡처 2026-03-29 041003.jpg,2026/03/20,17:12,칼바람 나락,사용자 설정,WIN,,2,17,19,22,33994,17/19/22,감귤 아저씨,17,Singed,신지드,7,6,8,94,11931,2.50
화면 캡처 2026-03-29 041003.jpg,2026/03/20,17:12,칼바람 나락,사용자 설정,WIN,,2,17,19,22,33994,17/19/22,TwelveOClock,17,Blitzcrank,블리츠크랭크,2,5,9,22,10003,2.20
화면 캡처 2026-03-29 041017.jpg,2026/03/20,23:36,칼바람 나락,사용자 설정,LOSE,,1,29,32,41,46156,29/32/41,행복한욕조견,18,Nasus,나서스,5,13,16,125,15430,1.62
화면 캡처 2026-03-29 041017.jpg,2026/03/20,23:36,칼바람 나락,사용자 설정,LOSE,,1,29,32,41,46156,29/32/41,인왕산와일드보어,18,Seraphine,세라핀,11,9,15,44,15342,2.89
화면 캡처 2026-03-29 041017.jpg,2026/03/20,23:36,칼바람 나락,사용자 설정,LOSE,,1,29,32,41,46156,29/32/41,TwelveOClock,18,Ahri,아리,13,10,10,71,15384,2.30
화면 캡처 2026-03-29 041017.jpg,2026/03/20,23:36,칼바람 나락,사용자 설정,LOSE,,2,32,29,47,49266,32/29/47,RabiEddin,18,Shen,쉔,13,7,15,42,16465,4.00
화면 캡처 2026-03-29 041017.jpg,2026/03/20,23:36,칼바람 나락,사용자 설정,LOSE,,2,32,29,47,49266,32/29/47,감귤 아저씨,18,Brand,브랜드,10,10,18,165,17602,2.80
화면 캡처 2026-03-29 041017.jpg,2026/03/20,23:36,칼바람 나락,사용자 설정,LOSE,,2,32,29,47,49266,32/29/47,기장앞바다벨코즈,18,Renekton,레넥톤,9,12,14,52,15199,1.92
화면 캡처 2026-03-29 041024.jpg,2026/03/20,14:28,칼바람 나락,사용자 설정,WIN,,1,19,11,25,31356,19/11/25,행복한욕조견,16,Senna,세나,8,4,10,53,11369,4.50
화면 캡처 2026-03-29 041024.jpg,2026/03/20,14:28,칼바람 나락,사용자 설정,WIN,,1,19,11,25,31356,19/11/25,RabiEddin,16,Garen,가렌,5,2,6,45,9708,5.50
화면 캡처 2026-03-29 041024.jpg,2026/03/20,14:28,칼바람 나락,사용자 설정,WIN,,1,19,11,25,31356,19/11/25,감귤 아저씨,16,Vex,벡스,6,5,9,64,10279,3.00
화면 캡처 2026-03-29 041024.jpg,2026/03/20,14:28,칼바람 나락,사용자 설정,WIN,,2,10,19,13,28032,10/19/13,TwelveOClock,15,Aurora,오로라,4,5,5,53,9268,1.80
화면 캡처 2026-03-29 041024.jpg,2026/03/20,14:28,칼바람 나락,사용자 설정,WIN,,2,10,19,13,28032,10/19/13,인왕산와일드보어,14,Leona,레오나,2,8,5,15,8646,0.88
화면 캡처 2026-03-29 041024.jpg,2026/03/20,14:28,칼바람 나락,사용자 설정,WIN,,2,10,19,13,28032,10/19/13,기장앞바다벨코즈,15,Tristana,트리스타나,4,6,3,57,10118,1.17
화면 캡처 2026-04-02 101513.jpg,2026/04/02,17:04,코신 다리,사용자 설정,LOSE,,1,20,19,29,33931,20/19/29,행복한욕조견,17,Sejuani,세주아니,2,7,13,26,10078,2.14
화면 캡처 2026-04-02 101513.jpg,2026/04/02,17:04,코신 다리,사용자 설정,LOSE,,1,20,19,29,33931,20/19/29,기장앞바다벨코즈,18,Veigar,베이가,12,5,6,71,12609,3.60
화면 캡처 2026-04-02 101513.jpg,2026/04/02,17:04,코신 다리,사용자 설정,LOSE,,1,20,19,29,33931,20/19/29,TwelveOClock,17,Xayah,자야,6,7,10,66,11244,2.29
화면 캡처 2026-04-02 101513.jpg,2026/04/02,17:04,코신 다리,사용자 설정,LOSE,,2,19,20,26,35676,19/20/26,감귤 아저씨,18,Jax,잭스,9,7,6,64,12801,2.14
화면 캡처 2026-04-02 101513.jpg,2026/04/02,17:04,코신 다리,사용자 설정,LOSE,,2,19,20,26,35676,19/20/26,Gomjkhan,17,TahmKench,탐 켄치,8,7,9,53,12082,2.43
화면 캡처 2026-04-02 101513.jpg,2026/04/02,17:04,코신 다리,사용자 설정,LOSE,,2,19,20,26,35676,19/20/26,인왕산와일드보어,18,Seraphine,세라핀,2,6,11,46,10793,2.17
화면 캡처 2026-04-02 101607.jpg,2026/04/02,22:26,코신 다리,사용자 설정,LOSE,,1,27,24,33,43714,27/24/33,행복한욕조견,18,Xerath,제라스,13,5,11,80,15408,4.80
화면 캡처 2026-04-02 101607.jpg,2026/04/02,22:26,코신 다리,사용자 설정,LOSE,,1,27,24,33,43714,27/24/33,기장앞바다벨코즈,18,Ashe,애쉬,10,9,8,67,14298,2.00
화면 캡처 2026-04-02 101607.jpg,2026/04/02,22:26,코신 다리,사용자 설정,LOSE,,1,27,24,33,43714,27/24/33,TwelveOClock,18,Neeko,니코,4,10,14,96,14008,1.80
화면 캡처 2026-04-02 101607.jpg,2026/04/02,22:26,코신 다리,사용자 설정,LOSE,,2,22,27,30,45536,22/27/30,감귤 아저씨,18,Swain,스웨인,9,10,9,98,15446,1.80
화면 캡처 2026-04-02 101607.jpg,2026/04/02,22:26,코신 다리,사용자 설정,LOSE,,2,22,27,30,45536,22/27/30,Gomjkhan,18,Garen,가렌,8,6,8,91,15479,2.67
화면 캡처 2026-04-02 101607.jpg,2026/04/02,22:26,코신 다리,사용자 설정,LOSE,,2,22,27,30,45536,22/27/30,인왕산와일드보어,18,Morgana,모르가나,5,11,13,72,14611,1.64
화면 캡처 2026-04-03 095344.jpg,2026/04/03,12:07,도살자의 다리,사용자 설정,WIN,,1,18,8,31,27724,18/8/31,행복한욕조견,14,Trundle,트런들,4,3,13,58,9192,5.67
화면 캡처 2026-04-03 095344.jpg,2026/04/03,12:07,도살자의 다리,사용자 설정,WIN,,1,18,8,31,27724,18/8/31,TwelveOClock,14,Ashe,애쉬,6,4,9,47,8882,3.75
화면 캡처 2026-04-03 095344.jpg,2026/04/03,12:07,도살자의 다리,사용자 설정,WIN,,1,18,8,31,27724,18/8/31,감귤 아저씨,14,Gnar,나르,8,1,9,39,9650,17.00
화면 캡처 2026-04-03 095344.jpg,2026/04/03,12:07,도살자의 다리,사용자 설정,WIN,,2,8,18,12,23016,8/18/12,인왕산와일드보어,13,Maokai,마오카이,2,7,5,13,7622,1.00
화면 캡처 2026-04-03 095344.jpg,2026/04/03,12:07,도살자의 다리,사용자 설정,WIN,,2,8,18,12,23016,8/18/12,Gomjkhan,13,Garen,가렌,4,6,2,47,8034,1.00
화면 캡처 2026-04-03 095344.jpg,2026/04/03,12:07,도살자의 다리,사용자 설정,WIN,,2,8,18,12,23016,8/18/12,기장앞바다벨코즈,13,Veigar,베이가,2,5,5,23,7360,1.40
화면 캡처 2026-04-03 095520.jpg,2026/04/03,19:41,도살자의 다리,사용자 설정,LOSE,,1,24,31,35,39861,24/31/35,행복한욕조견,18,Lissandra,리산드라,4,13,12,50,12131,1.23
화면 캡처 2026-04-03 095520.jpg,2026/04/03,19:41,도살자의 다리,사용자 설정,LOSE,,1,24,31,35,39861,24/31/35,TwelveOClock,18,Ahri,아리,10,8,12,93,14182,2.75
화면 캡처 2026-04-03 095520.jpg,2026/04/03,19:41,도살자의 다리,사용자 설정,LOSE,,1,24,31,35,39861,24/31/35,기장앞바다벨코즈,18,Corki,코르키,10,10,11,63,13548,2.10
화면 캡처 2026-04-03 095520.jpg,2026/04/03,19:41,도살자의 다리,사용자 설정,LOSE,,2,31,24,42,42350,31/24/42,Gomjkhan,18,Zoe,조이,9,8,13,77,14023,2.75
화면 캡처 2026-04-03 095520.jpg,2026/04/03,19:41,도살자의 다리,사용자 설정,LOSE,,2,31,24,42,42350,31/24/42,감귤 아저씨,18,Sivir,시비르,10,8,17,95,14480,3.38
화면 캡처 2026-04-03 095520.jpg,2026/04/03,19:41,도살자의 다리,사용자 설정,LOSE,,2,31,24,42,42350,31/24/42,인왕산와일드보어,18,Sejuani,세주아니,12,8,12,39,13847,3.00
화면 캡처 2026-04-03 095530.jpg,2026/04/03,25:39,도살자의 다리,사용자 설정,WIN,,1,37,29,63,54503,37/29/63,행복한욕조견,18,Ziggs,직스,7,8,28,123,17513,4.38
화면 캡처 2026-04-03 095530.jpg,2026/04/03,25:39,도살자의 다리,사용자 설정,WIN,,1,37,29,63,54503,37/29/63,TwelveOClock,18,Xayah,자야,17,10,15,183,20151,3.20
화면 캡처 2026-04-03 095530.jpg,2026/04/03,25:39,도살자의 다리,사용자 설정,WIN,,1,37,29,63,54503,37/29/63,기장앞바다벨코즈,18,Chogath,초가스,13,11,20,23,16839,3.00
화면 캡처 2026-04-03 095530.jpg,2026/04/03,25:39,도살자의 다리,사용자 설정,WIN,,2,29,38,38,51434,29/38/38,Gomjkhan,18,Irelia,이렐리아,14,14,11,206,20004,1.79
화면 캡처 2026-04-03 095530.jpg,2026/04/03,25:39,도살자의 다리,사용자 설정,WIN,,2,29,38,38,51434,29/38/38,인왕산와일드보어,18,Leona,레오나,0,11,21,17,14123,1.91
화면 캡처 2026-04-03 095530.jpg,2026/04/03,25:39,도살자의 다리,사용자 설정,WIN,,2,29,38,38,51434,29/38/38,RabiEddin,18,Elise,엘리스,15,13,6,57,17307,1.62
화면 캡처 2026-04-03 113146.jpg,2026/04/03,15:08,칼바람 나락,사용자 설정,LOSE,,1,16,24,29,30400,16/24/29,행복한욕조견,16,Morgana,모르가나,6,8,8,43,10033,1.75
화면 캡처 2026-04-03 113146.jpg,2026/04/03,15:08,칼바람 나락,사용자 설정,LOSE,,1,16,24,29,30400,16/24/29,Gomjkhan,15,Swain,스웨인,4,8,11,55,9733,1.88
화면 캡처 2026-04-03 113146.jpg,2026/04/03,15:08,칼바람 나락,사용자 설정,LOSE,,1,16,24,29,30400,16/24/29,기장앞바다벨코즈,15,Senna,세나,6,8,10,42,10634,2.00
화면 캡처 2026-04-03 113146.jpg,2026/04/03,15:08,칼바람 나락,사용자 설정,LOSE,,2,24,16,33,33646,24/16/33,감귤 아저씨,17,Khazix,카직스,11,6,11,40,11745,3.67
화면 캡처 2026-04-03 113146.jpg,2026/04/03,15:08,칼바람 나락,사용자 설정,LOSE,,2,24,16,33,33646,24/16/33,TwelveOClock,17,Vex,벡스,9,6,9,51,11123,3.00
화면 캡처 2026-04-03 113146.jpg,2026/04/03,15:08,칼바람 나락,사용자 설정,LOSE,,2,24,16,33,33646,24/16/33,RabiEddin,17,Galio,갈리오,4,4,13,68,10778,4.25
화면 캡처 2026-04-03 113158.jpg,2026/04/03,22:22,칼바람 나락,사용자 설정,LOSE,,1,31,31,40,45492,31/31/40,행복한욕조견,18,Xerath,제라스,12,9,14,46,15072,2.89
화면 캡처 2026-04-03 113158.jpg,2026/04/03,22:22,칼바람 나락,사용자 설정,LOSE,,1,31,31,40,45492,31/31/40,Gomjkhan,18,Akali,아칼리,11,11,12,69,15030,2.09
화면 캡처 2026-04-03 113158.jpg,2026/04/03,22:22,칼바람 나락,사용자 설정,LOSE,,1,31,31,40,45492,31/31/40,기장앞바다벨코즈,18,Nasus,나서스,8,11,14,105,15390,2.00
화면 캡처 2026-04-03 113158.jpg,2026/04/03,22:22,칼바람 나락,사용자 설정,LOSE,,2,31,31,43,47481,31/31/43,감귤 아저씨,18,Shyvana,쉬바나,9,11,19,73,15828,2.55
화면 캡처 2026-04-03 113158.jpg,2026/04/03,22:22,칼바람 나락,사용자 설정,LOSE,,2,31,31,43,47481,31/31/43,TwelveOClock,18,Kalista,칼리스타,11,10,12,125,16568,2.30
화면 캡처 2026-04-03 113158.jpg,2026/04/03,22:22,칼바람 나락,사용자 설정,LOSE,,2,31,31,43,47481,31/31/43,RabiEddin,18,Pantheon,판테온,11,10,12,32,15085,2.30
